SampleID	Sequence
V05_001	GGTGAAGGCCCTGTGTCCAGCAGAATCGCGAATCATTTATGCAAATTTTCACGAGAACAGTAATCAACAATATTTCGTGACGTCCGCAGAGTGTAGGTATAAATAGATACCATCACTGAATTGTGTACTCTGCGAGGCCATTCCGGGCAAATTCGAATGGGCGCCTGGTACAAGTCGAAATTGCCCTGATTGAAGCGGTGCTACTTACTACCAGCTACCAGGGATTTGCATCCAACCGGTTAACAGGCGGTACTGGGTACTAAGCCGCACCCACGTTATTCTGCAGTAAGCGGTAATGTGATCCATAAAACTCTCATGAGATTCGTTAGCGACGGAAGATGTTTAGCCGGTCTCAACTGGGAGCCCTACCTGCCAAGGTCTAATAGCGCGCCGGTTGGGATCTTGGCGGTAAATCTAAGTGCACATCCTTCGTTGAGTGAATGACGCTGCCCCGATGCGTTTCCAATCGATACTCCGGCTCACGAGGGATCCTCTGTAACAGTTCCCTCCTAATGTTTATAGTGGGGGCCCGCCGCGTGTTCCTACGTTTCTTCTCTCGTACTGGCGAATCGGTCCAGAACTACTCCGAGGAACTTATCGGAACTGCTGTCAGGACCATTCTTTGGAGTCAATGCAGTCTAAGTAGAAGGCCAGAAGAACGCACTCGCCTGATTTCATTAGATGCGTGTTCGAGCGCAATGACTACCGCGCAGCCGGCCCAAGAGTGCTGTTGCATTCCACAGATACAGACCCGTTCCACCAGCCGGCAAGCGGCGTGTGCTGGTAACAGCAGGCGCTAACCGACTCGCAAAAATTCGGGAAATGACGAGTAAGTCCCAGTGGCGAGCCGTAGGTAGACTCTCATAGCTCCTCATTGGACTCGTTTCAGGCCGACCACAAATCCGCGGATTATTATGTATTACTACATCTTGGGTAATGGACGGCTACGACATTCGTAGGTGACTCCCGAGCCTCCGTAGCCAGAACTTCGCAGGTTTGGTGAAAGAAGTGAAGACTACCATGTAGTAATATGGTTTGGCGGATCCTTCATCCGGTAACTTGTAGACTTACACAACAATAAGCGACTTACTTAAGCCATAGTCCCACCACTCATCACCGAATCTAACACATCATGCGGGAAACGCGCACGTTCGTGACCGACGCACGTTGTCCGAAGTTCTCCCCGCGTAACAGGTTGTTCGGCCAGGGCACACGGGGGGAGCCGCTAAAATTCAGATTTATCGGGTGGGTAGGGTCCATCGCAATGACAGGCCGTGTAACGGACTTAGCACGTGGAGGCTAACCGCCCGCCCAGCACTCTTCACACCCTACCATCACTTTCTGCCAAACCGTAGAGCCCTACACGCACCTTATGAATCGGGGAGTGGAGAATGTCAGAGGCCAAGCGCGCTCTGGATAGATTTAGCAGACGATTGAGCGCAAAGTCTTGTTATAGCCTATATAAACCCGCTAGACAGAGTTGCTCAGAGCTTGGGAACA
V05_002	GGTGAAGGCCCTGTGTCCAGCAGAATCGCGAATCATTTATGCAAATTTTCACGAGAACAGTAATCAACAATATTTCGTGACGTCCGCAGAATGTAGGTATAAATAGATACCATCACTGAATTGTGTACTCTGCGAGGCCATTCCGGGCAAATTCGAATGGGCGCCTGGTACAAGTCGAAATTGCCATGATTGAAGCGGTGCTACGTACTACCAGCTACCAGCGATTTGCATCCAACCGGTTAACAGGCGGTACTGGGTACTAAGCCGCACCCACGTTCTTCTGCAGTAAGCGGCAATGTGATCCATAAAACTCTCATGAGATTCGTTAGCGACGGAAGATGTTTAGACGGTCTCAACTGGGAGCCCTACCTGCCAAGGTCTAATAGCGCGCCGGTTGGGATCTTGGCGGTAAATCTAAGTGCACATCCTTCGTTGAGTGAATGACGCTGCCCCGATGCGTTTCCAATCGATACTCCGGCTCACGAGGGATCCTCTGTAACAGTTCCCTCCTGATGTTTATAGTGGGGGCCCGCCGCGTGTCCCTACGTTTCTTCTCTCGTACTGGCGAATCGGTCCAGACCTACTCCGAGGAACTTATCGGAACTGCTGTCAGGACCATTCTTTGGAGTCAATGCAGTCTAAGTAGAAGGCCAGAAGAACGCACTCGCCTAATTTCATCAGATGCGTGTTCGAGCGCAATGATTACCGCGCAGCCGGCCCAAGAGTGCTGTTGCATTCCACAGATACAGACCCGTTCCACCAGCCGGCAAGCAGCGTGTGCTGGTAACAGCAGGCGCTAACCGACTCGCAAAAATTCGGGAAATGACGAGTAAGTCGCAGTGGCGAGGCGTAGGTAGACTCTCATAGCTCCTCATTGGACTCGTTTCAGGCCGACCACAAATCCGCGGATTATTCTGTAATACTACATCTGGGGTAATGGACGACTACGACATTCGTAGGTGACTCCCGAGCCTCCGTAGCCAGAACTTCGCAGGTTTGATGAAAGAAGTGAAGACTACCATGTAGTAATATGGTGTGGCAGATCCTTCATCCGGTAACTTGTAGACTTACACAACAATAAGCGACTTACTTAAGCCATAGTCCCACCACTCATCACCGAATCTAACACATCATGCGGGAAACGCGCACGTTCGTGACCGACGCACGTTGTCCGAAGTTCTCCCCGCGTAACAGGTTGTTCGGCCAGGGCAAACGGGGGGAGCCGCTAAAATTCAGATTTATCGGGTGGGTAGGGTCCATCGCAATGTCAGGCCGTGTAACGGACTTAGCACGTGGAGGCTCACCGCCCGCCCAGCACTCTTCACACCCTACCATCACTTTCTGCCAAACCGTAGAGCCCTACACGCACCTTATGAATCGGGGAGTGGAGAATGTCAGAGGCCAAGCGCGCTCTGGATAGATTTAGCATACGATTGAGCGCAAAGTCTTGTTATAGCCTATATAAACCCGCTAGACAGAGTTGCTCAGAGCTTGGGAACA
V05_003	GGTGAAGGCCCTGTGTCCAGCAGAATCGCGAATCATTTATGCAAATTTTCACGAGAACAGTAATCAACAATATTTCTTGACGTCCGCAGAATGTAGGTATAAATAGATACCATCACTGAATTGTGTACTCTGCGAGGCCATTCCGGGCAAATTCGAATGGGCGCCTGGTACAAGTCGAAATTGCCATGATTGAAGCGGTGCTACTTTCTACCAGCTACCAGGGATTTGCATCCAACCGGTTAACAGGCGGTACTGGGTACTAAGCCGCACACACGTTATTCTGCAGTAAGCGGCAATGTGATCCATAAAACTCTCATGAGATTCGTTAGCGACGGAAGATGTTTAGACGGTCTCAACTGGGAGCCCTACCTGCCAAGGTCTAATAGCGCGCCGGTTGGGATCTTGGCGGTAAATCTAAGTGCACATCCTTCGTTGAGTGAATGACGCTGCCCCGATGCGTTTCCAATCGATAATCCGGCTCAGGAGGGATCCTCTGTAACAGTTCCCTCCTAATGTTTATAGTGGGGGCCCGCCACGTGTTCCTACGTTTCTTCTCTCGTACTGGCGAATCGGTCCAGACCTACTCCGAGGAACTTCTCGGAACTGCTGTCAGGACCATTCTTTGGAGTCAATGCAGTCTAAGTAGGAGGCCAGAAGAACGCACTCGCCTAATTTCATCAGATGCGTGTTCGAGCGCCATGACTACCGCGCAGCCGGCCCAAGAGTGCTGTTGCATTCCACAGATACAGACCCGTTCCACCAGCCGGAAAGCGGCGTGTGCTGGTAACAGCAGGCGCTAACCGACTCGCAAAAATTCGGGAAATTACGAGTAAGCCCCAGTGGCGAGGCGTAGGTAGACTCTCATAGCTCTTCATTGGACTCGTTTCAGGCCGACCACAAATCCGCGGATTATTATGTATTACTACATCTTGGGTAATGGACGTCTACGACATTCGTAGGTGACTCCCGAGCCTCCGTAGCCAGAACTTCGCAGGTTTGGTGAAAGAAGTGAAGACTACCATGTAATAATATGGTGTGGCAGATCCTTCATCCGGTAACTTGTAGACTTACACAACAATAAGCGACTTACTTAAGCCATAGTCCCACCACTCATCACCGAATCTAACACATCATGCGGGAAACGCGCACGTTCGTGACCGACGCACGTTGTCCGAAGTTCTCCCCGCGTAACAGGTTGTTCGGCCAGGGCACACGGGGGGAGCCGCTAAAATTCAGATTTATCGGGTGGGTAGGGTCCATCGCAATGTCAGGCCGTGTAACGGACTTAGCACGTGGAGGCTAACCGCCCGCCCAGCACTCTTCACACCCTCCCATCACTTTCTGCCAAACCGTAGAGCCCTACACGCACCTTATGAATCGGGGAGTGGAGAATGTCAGAGGCCAAGCGCGCTCTGGATAGATTTAGCGGACGATTGAGCGCAAAGTCTTGTTATAGCCTATATAAACCCGCTAGACAGAGTTGCTCAGAGCTTGGGAACA
V05_004	GGTGAAGCCCCAGTGTCCAGCAGAATCGCGAATCATTTATGCAAATTTTCACGAGAACAGTAATCAACAATATTTCGTGTCGTCCGCAGAATGTAGGTATAAATAGATACCATCACTGAATTGTGTACTCTGCGAGGCCATTCCGGGCAAATTCGAATGGGCGCCTGGTACAAGTCGAAATTGCCATGATTGAAGCGGTGCTACTTACTACCAGCTACCAGGGATTTGCATCCAACCGGTTAACAGGCGGTACTGGGTACTAAGCCGCACCCACGTTATTCTGCAGTAAGCGGCAATGTGATCCATAAAACTCTCATGAGATTCGTTAGCGACGGAAGATGTTTAGACGGTCTCAACTGGGAGCCCTACCTGCCAAGATCTAATAGCGCGCCGGTTGGGATCTTGGCGGTAAATCTAAGTGCACATCCTTCGTTGAGTGAATGACGCTGCCCCGATGCGTTTCCAATCGATACTCCGGCTCACGAGGGATCCTCTGTAACAGTTCTCTCCTTATGTTTATAGTGGGGGCCCGCCGCGTGTTCCTACGTTTGTTCTCTCGTACTTGCGAATCGGACCAGACCTACTCCGAGGAACTTATCGGAACTGCTGTCAGGACCATTCTTTGGAGTCAATGCAGTCTAAGTAGAAGGCCAGAAGGACGCACTCGCCTAATTTCATCAGATGCGTGTTCGAGCGCAATGACTACCGCGCAGCCGGCCCAAGAGTGCTGTTGCATTCCACAGATACAGACCCGTTCCACCAGCCGGCAAGCGGCGTGTGCTGGTAACAGCAGGCGCTAACCGACTCGCAAAAATTCGGGAAATGACGAGTAAGTCCCAGTGGCGAGGCGTAGGTAGACTCTCATAGCTCCTCATTGGACTCGTTTCAGGCCGACCACAAATCCGCGGATTATTATGTATTACTACATCTTGGGTAATGGACGGCTACGACATTCGTAGGTGACTCCCGAGCCTCCGTAGCCAGAACTTCGCAGGTTTGGTGAAAGAAGTGAAGACTACCATGTAGTAATATGGTGTGGCAGATCCTTCATCCGGTAACTTGGAGAGTTACACAACAATAAGCGACTTACTTAAGCCATAGTCCCACCACTCATCACCGAATCTAACACATCATGCGGGAAACGCGCACGTTCGTGACCGACGCACGTTGTCCGAAGTTCTCCCCGCGTAACAGGTTGTTCGGCCAGGGCACACGGGGGGAGCCGCTAAAATTCAGATTTATCGGGTGGGTAGGGTCCATCGCAATGTCAGGCCGTGTAACGGACTTAGCACGTGGAGGCTAACCGCCCGCCCAGCACTGTTCACACCCTACCATCACTTTCTGCCAAACCGTAGAGCCCTACACGCACCTTATGAATCGGGGATTGGAGAATGTCAGAGGCCAAGCGCGCTCTGGATAGATTTAGCAGACGATTGAGCGCAAAGTCTTGTTATAGCCTATATAAACCCGCTAGACAGAGTTGCTCAGAGCTTGGGAACA
V05_005	GGTGAAGGCCCAGTGTCCAGCACAATCGCGAATCATTTATGCAAATTTTCACGAGAACAGTAATCAACAATAGTTCGTGACGTCCGCAGACTGTAGGTATAAATAGATACCATCACTGAATTGTGTACTCTCCGAGGCCATTCCGGGCAAATTCGAATGGGCGCCTGGTACAAGTTGAAATTGCCATGATTGAAGCGGTGCTACTTACTACCAGCTACCAGGGATTTGCATCCAACCGGTTAAAAGGCGGTACTGGGTACTAAGGCGCACCCACGTTATTCTGCAGTAAGCGGCAATGTGATCCATAAAACTCTCATGAGATTCGTTAGCGACGGAAGATGTTTAGACGGTCTCAACTGGGAGCCCTACCTGCCAAGGTCTAATAGCGCGCCGGTTGGGATCTTTGCGGTAAATCTAAGTGCACATCCTTCGTAGAGTGAATGACGCTGCCCCGTTGCGTTTCCAATCGATACTCCGGCTCAAGAGGGATCCTCTGTAACAGTTCCCCCCTAATGTTTATAGTGGGGGCCCGCCGCGTGTTCCTACGTTTCTTCTCTCGTACTGGCGAATCGGTCGAGACCTACTCCGAGGAACTTATCGGAACTGCTGTCAGGACCATTCTTTGGAGTCAATGCAGTCTAAGTAGAAGGCCAGAAGAACGCACTCGCCTAATTTCATCAGATGCGTGTTCGAGCGCAATGACTACCGCGCAACCGGCCCAAGAGTGCTGTTGCATTCCACAGATACAGACCCGTTCCACTAGCCGGCAAGCGGCGTGTGCTGGTAACAGCAGGCGCTAACCGACTCGCAAAAATTCGTGAAATGACGAGTAAGTCCCAGTGGCGAGGCGTAGGTAGACTCTCATAGCTCCTCATTGGACTCGTTTCAGGCCGACCACAAATCCGCGGATTATTATGTATTACTACATCTTGGGTAATGGACGGCTACGACATTCGTAGGTGACTCCCGAGCCTCCGTAGCCAGAACTTCGCAGGTTTTGTGAAAGAAGTGAAGACTACCATGTAGTAATATGGTGTGGCAGATCCTTCATCCGGTAACTTGTAGACTTACAGAACAATAAGCGACTTACTTAAGCCATAGTCCCACCACTCATCACCGAATCTAACACATCATGCGGAAAACGCGCACGTTCGTGACCGACGCACGTTGTCCGAAGTTCTCCCCGCGTAACAGGTTGTTCGGCCAGGGCACACGGGGGGAGCCGCTAAAATTCAGATTTATCGGGTGGGTAGGGTCCATCGCAATGTCAGGCCGTGTAACGGACTTATCACGTGGAGGCTAACCGCCCGCCCAGCACTCTTCACACCCTACCATCACTTTCTGCCAAACCGTAGAGCCCTACACGCACCTTATGAATCGGGGAGTGGAGAATGTCAGAGGCCAAGCGCGCTCTGGATAGATTTAGCAGACGATTGAGCGCAAAGTCTTGTTATAGCCCATATAAACCCGCTAGACAGAGTTGCTCAGAGCTTGGGAACA
V05_006	GGTGAAGGCCCTGTGTCCAGCAGAATCGCGAATCATTTATGCAAATTTTCACGAGAACAGTAATCAACAATATTTCGTGACGTCCGCAGAATGTAGGTATAAATAGATACCATCACTGAATTGTGTACTCTGCGAGGCCATTCCAGGCAAATTCGAATGGGCGCCTGGTACAAGTCGAAATTGCCATGATTGAAGCGGTGCTACTCACTACCAGCTACCAGGGATTTGCATCCAACCGGTTAACAGGCGGTACTGGGTACTAAGCCGCACCCACGTCATTCTGCAGTAAGCGGCAATGTGATCCATAAAACTCTCATGAGATTCGTTAGCGACGGAAGATGTTTAGACGGTCTCAACTGGGAGCCCTACCTGCCAAGGTCCAATAGCGCGCCGGTTGAGATCTTGGCGGTAAATCTAAGTGCACATCCTTCGTTGAGTGAATGACGCTGCCCCGATGCGTTTCCAATCGATACTCCGGCTCACGAGGGATCCTCTGTAACAGTTCCCTCCTAATGTTTATAGTGGGGGCCCGCCGCGTGTTCCTACGTTTCTTCACTCGTACTGGCGAATGGGTCCAGACCTACTCCGAGGAACTTATCGGAACTGCTGTCAGGACCATTCTTTGGAGTCAATGCAGTCTAAGTAGAAGGCCAGAAGAACGCACTAGCCTAATTTCATCAGATGCGTGTTCGAGCGCAATGACTACCGCGCAGCCGGCCCAAGAGTGCTGTTGCATTCCACAGATACAGACCCGTTCCACCAGCCGGCAAGCGGCGTGTGCTGGTAACAGCAGGCGCTAACCGACTCGCGAAAATTCGGGAAATGACGAGTAAGTCCCAGTGGCGAGGCGTAGGTAGACTCTCATAGCTCCTCATTGGACTCGTTTCAGGCCGACCACAAATCCGCGGATTATTATGTATTACTACATCTTGGGTAATGGACGGCTACGACATTCGTAGGTGACTCCCGAGCCTCCGTAGCCAGAACTTCGCAGGTTTGGTGAAAGAAGTGAAGACTACCATGTAGTAATATGGTGTGGCAGATCCTTCATCCGGTAACTTGTAGACTTACACAACAATAAGCGACTTACTTAAGCCATAGTCCCACCACTCATCACCGAATCTAACACATCATGCGGGAAACGCGCACGTTCGTGACCGACGCACGTTGTCCGAAGTTCTCCCCGCGTAACAGGTTGTTCGGCCAGGGCACACGGGGGGAGCCGCTAAAATTCAGATTTATCGGGTGGGTAGGGTCCATCGCAATGTCAGGCCGTGTAACGGACTTAGCACGTGGGGGCTAACCGCCCGCCCAGCACTCTTCACACCCTACCATCACTTTCTGCCAAACCGTAGAGCGCTACACGCACCTTATGAATCGGGGAGTGGAGAATGTCAGAGGCCAAGCGCGCTGTGGATAGATTTAGCAGACGATTGAGCGCAAAGTCTTGTTATAGCCTATATAAACCCGCTAGACAGAGTTGCTCAGAGCTTGGGAACA
V05_007	GGTGAAGGCCCTGTGTCCAGCAGAATCGCGAATCATTTATGCAAATTTTCACGAGAACAGTAATCAACAATATTTCGTGACGTCCGCAGAATGTAGGTATAAATAGATACCATCACTGAATTGTGTACACTGCGAGGCCATTCCGGGCAAATTCGAATGGGCGCCTGGTACAAGTCGAAATTGCCATGATAGAAGCGGTGCTACTTACTACCAGCTACCAGGGATTTGCATCCAACCGGTTAACAGGCGGTACTGGGTACTAAGCCGCACCCACGTTATTCTGCAGTAAGCGGCAATGTGATCCATAAAACTCTCAAGAGATTCGTTAGCGACGGAAGATGTTTAGACGGTCTCAACTGGGAGCCCTACCTGCCAAGGTCGAATAGCGCGCCGGTTGGGATCTTGGCGGTAAATCTAAGTGCACATCCTTCGTTGAGTGAATGACGCTGCCCCGATGCGTTTCCCATCGATACTCCGGCTCACGAGGGATCCTCTGTAACAGTTCCCTCCTAATGTTTATAGTGGGGGCCCGCCGCGTTTTCCTACGTTTCTTCTCTCGTACTGGCGAATCGGTCCAGACCTACTCCGAGGAACTTATCGGAACTGCTGTCAGGACCATTCTTTGGAGTCAATGCAGTCTATGTAGAAGGCCAGAAGAACGCACTCGCCTAATTTCATCAGATGCGTGTTCGAGCGCAATGACTACCGCGCAGCCGGCCCAAGAGTGCTGTTGCATTCCACAGATACAGACCCGTTCCACCAGCCGGCAAGCGGCGTGTGCTGGTAACAGCAGGCGCTAACAGACTCGCAAAAATTCGGGAAATGACGAGTAAGTCCCAGTGGCGAGGCGTAGGTAGACTCTCAAAGCTCCTCATTGGACTCGTTTCAGGCCGACCACAAATCCGCGGATTATTATGTATTACTACATCTTGGGTAATGGACGGCTACGACATTCGTAGGTGACCCCCGAGCCTCCGTAGCCAGAACTTCGCAGGTTTGGTGAAAGAAGTGAAGACTACCATGTAGTAATATGGTGTGGCAGATCCTTCATCCGGTAACTTGTAGACTTACACAACAATAAGCGACTTACTTAAGCCATAGTCCCACCACTCATCACCGAATCTCACACATCATGCGGGAAACGCGCACGTTCGTGACCGACGCACGTTGTCCGAAGTTCTCCCCGCGTAACAGGTTGTTCGGCCAGGGCACACGGGGGGAGCCGCTAAAATTCAGATTTATCGGGTGGGTAGGGTCCATCGCAATGTCAGGCCGTGTAACGGACTTAGCACGTGGAGGCTAACCGCCCGCCCAGCACTCTTCACACCCTACCATCACTTTCTGCCAAACCGTAGAGCACTACACGCACCTTATGAATCGGGGAGTGGAGAATGTCAGAGGCCAAGCGCGCTCTGGATAGATTTAGCAGACGATTGAGCGCAAAGTCTTGTTATAGCCTCTATAAACCCGCTAGACAGAGTTGCTCAGAGCTTGGGAACA
V05_008	GGTGAAGGCCCTGTGTCCTGCAGAATCGCGAATCATTTATGGAAATTTACACGAGAACAGTAATCAACCATATTTCGTGACGTCCGCAGAATGTAGGTATAAATAGACACCATCACTGAATTGTGTACTCTGCGAGGCCATTCCGGGAAAATTCGAATGGCCGCCTGGTACAAGTCGAAATTGCCATGATTGATGCGGTGCTACTTACTACCAGCTACCAGGGATTTGCATCCAACTGGTTAACAGGCGGTACTGGGTACTAAGCCGCACCCACGTTATTCTGCAGTAAGCGGCAATGAGATCCATAAAACTCTCATGAGATTCGTTAGCGACGGAAGCTGTTTAGACGGTCTCAACTGGGAGCCCTACCTGCCAAGGGCTAATAGCGCGCCGGTTGGGATCTTGGCGGTAAATCTAAGTGCACATCCTTCGTTGAGTGAATGACGCTGCCCCGATGCGTTTCCAATCGATACTCCGGCTCACGAGGGATCCTCTGTAACAGTTCCCTCCTAATGTTTATAGTGGGGGCCCGCCGCGTGTTCCTACGTTTCTTCTCTCGTACTGGCGAATCGGTCCAGCCCTACTCCGAGGAACTTATCGGAACTGCTGTCAGGACCATTCTTTGGAGTCAATGCAGTCTAAGTAGAAGGCCAGAAGAACGCACTCGCCTAATTTCATCAGACGCGTGTTCGAGCGCAATGACTCCCGCGCAGCCGGCCCAAGAGTGCTGTTGCATTCCACAGATACAGACCCGTTCCACCAGCCGGCAAGCGGCGTGTGCTGGTAACAGCAGGCGCCAACCGACTCGCAAAAATTCGGGAAATGACGAGTAAGTCCCAGTGGCGAGGCGTAGGTAGACTATCATAGCTCCTCATTGGACTCGTTTCAGGCCGACCACAAATCCGCGGATTATTATGTATTACTACATCTTGGGTAATGGACGGCTACGACATTCGTAGGTGACTCCCGAGCCTCCGTAGCCAGAACTGCGCAGGTTTGGTGAAAGAAGTGAAGACTACCATGTAGTAATATGGTGTGGCAGATCCTTCATCCGGTAACTTGTAGACTTACACAACAATAAGCGACTTACTAAAGCCCTAGTCCCACCACTCATCACCGAATCTAACACATCATGCGGGAAACGCGCACGTTCGTGACCGACGCACGTTGTCCGAAGTTCTCCCCGCGTAACAGGTTGTTCGACCAGGGCACACGGGGGGAGCCGCTAAAATTCAGATTTATCGGGTGGGTAGGGTCCATCGCAATGTCAGGCCGTGTAACGGACTTAGCACGTGGAGGCTAACCGCCCGCCCAGCACTCTTCACACCCTACCATCACTTTCTGCCAAACCGTAGAGCCCTACACGCACCTTATGAATCGGGGAGTGGAGAATGTCAGAGGCCAATCGCGCTCTGGATAGATTTAGCAGACGATTGAGCGCAAAGTCTTGTTATAGCCTATATAAACCCGCTAGACAGAGTTGCTCAGAGCTTGGGAACA
V05_009	GGTGAAGGCCCTGTGTCCAGCAGAATCGCGAATCATTTATGCAAATTTTCACGAGAACAGTAATCAACACTATTTCGTGACGTCCGCAGAATGTAGGTATAAATAGATACCATCACTGAATTGTGTACTCTGCGAGGCCATTCCGGGCAAATTCGAATGGGCGCCTGGTACAAGTCGAAATTGCCATGATTGAAGCGGTGCTACTTACTACCAGCTACCAGGGATTTGCATCCAACCGGTTAACAGGCGGTACTGGGTACTAAGCCGCACCCACGTTATTCTGTAGTAAGCGGCAATGTAATCCATAAAACTCTCATGAGATTCGTTAGCGACGGAAGATGTTTAGACGGTCTCAACTGGGACCCCTACCTGCCAAGGTCTCATAGCGCGCCGTTTGGGATCTTGGCGGTAAATCTAAGTGCACATCCTTCGTTGAGTGAATGACGCTGCCCCGATGCCTTTCCAAGCGATACTCCGGCTCACGAGGGATCCTCTGTAACAGTTCCCTCCTAATGTTTATAGTGGGGGCCCGCCGCGTGTTCCTACGTTTCTTCTCTCGTACTGGCGAATCGGTCCAGACCTACTCCGAGGAACTTATCGGTACTGCTGTCAGGACCATTCTTTGGAGTCAATGCAGTCTAAGTAGAAGGCCAGAAGAACGCACTCGCCTAATTTCATCAGATGCGTGTTCGAGCGCAATGACTACCGCGCAGCCGGCCCAAGAGTGCTGGTGCATTCCACAGATACAGACCCGTTCCGCCAGCCGGCAAGCGGCGTGTGCTGATAACAGCAGGCGCTAACCGACTCGCAAAAATTCGGGAAAAGACGAGTAAGTCCCAGTGGCGAGGCGTAGGTAGACTCGCATAGCTCCTCATTGGACTCGTTTCAGGCCGACCACAAATCCGCGGATTATTATGTATTACTACATCTTGGGTAATGGACGGCTACGACATTCGTAGGTGACTCCCGAGCCTCCGTAGCCAGAACTTCGCAGGTTTGGTGAAAGAAGTGAAGACTACCATGTAGTAATATGGTGTGGCAGATCCTTCATCCGGTAACTTGTAGACTTACACAACAATAAGCGACTTACTTAAGCCATAGTCCCACCACTCATCACCGAATCTAACACATCATGCGGGAAACGCGCACGTTCGTGACCGACGCACGTTGTCCGAAGTTCTCCCCGCGTAACAGGTTGTTCGGCCAGGGCACACGGGGGGAGCCGCTAAAATTCAGATTTATCGGGTGGGTAAGGTCCATCGCAATGTCAGGCCGTGTAACGGACTTAGCACGTGGAGGCTTACCGCCCGCTCAGCACTCTTCACACCCTACCATCACTTTCTGCCAAACCGTAGAGCCCTACACGCACCTTATGAATCGGGGAGTGGAGAATGTCAGAGGCCAAGCGCGCTCTGGATAGATTTAGCATACGATTGAGCGCAAAGTCTTGTTATAGCCTATATAAACCCGCTAGACAGAGTTGCTCAGAGCTTGGGAACA
V05_010	GGTGAAGGCCCTGTGTCCAGCAGAATCGCGAATCATTTCTGCAAATTTTCACGAGAACAGTAATCAACAATATTTCGTGACGTCCGCAGAATGTAGGTATAAATAGATACCATCACTGAATTGTGTACTCTGCGAGGCCATTCCGGGCAAATTCGAATGGGCGCCTGGTACAAGTCGAAATTGCCATGATTGAAGCGGTGCTACTTACTACCAGCTACCAGGGATTTGCATCCAACCGGTTAACAGGCGGTACTGGGTACTAAGCCGCACCCACGTTATTCTGCAGTAAGCGGCAATGTGATCCATAAAACTCTCATGAGATTCGTTAGCGACGGAAGATGTTTAGTCGGTCTCAACTGGGAGCCCTACCTGCCAAGGTCTGATAGCGCGCCGGTTGGGATCTTGGCGGTAAATCTAAGTGCACATCCTTCGTTGAGTGAATGACGCTGCCCCGATGCGTTTCCAATCGATACTCCGGCTCACGAGGGATCCTCTGTAACAGTTCCCTCCTAATGTTTATAGTGGGGGCCCGCCGCGTGTTCCTACGTATCTTCTCTCGTACTGGCGAATCGGTCCAGACCTACTCCCAGGAACTTATCGGAACTGCTGTCAGGACCATTCTTTGGAGACAATGCAGTCTAAGTAGAAGGCCAGAAGAACGCACTCGCCTAATTTCATCAGATGCGTGTTCGAGCGCAATGACTACCGCGCAGCCGGCCCAAGAGTGCTGTTGCATACCACAGATACAGACCCGTTCCACCAGCCGGGAAGCGGCGTGTGCTGGCAACAGCAGGCGCTAACCGACTCGCAAAAATTCGGGAAATGACGAGTAAGTCCCAGTGGCGAGGCGTAGGTAGACTCTCATAGCTCCTCATTGGACTCGTTTCAGGCCGACCACAAATCCGCGGATTGTTATGTATTACTACATCTTGGGTAATGGACGGCTACGACATTCGTAGGTGACTCCCGAGCCTCCGTAGCCAGAACTTCGCAGGTTTGGTGAAAGAAGCGAAGACTACCATGTAGTAATATGGTGTGGCAGATCCTTCATCCGGTAACTTGTAGACTTACACAACAATAAGCGACTTACTTAAGCCATAGTCCCACCACTCATCACCGAATCTAACACATCATGCGGGAAACGCGCACGTTCGTGACCGACGCACGTTGTCCGAAGTTCTCCCCGCGTAACAGGTTGTTCGGCCAGGGCACACGGGGGGAGCCGCTAATATTCAGATTTATCGGGTGGGTAGGGTCCATCGCAATGTCAGGCCGTGTAACGGACTTAGCACGTGGAGGCTAACCGACCGCCCAGCACTCTTCACACCCTACCATCACTTTCTGCCAAACCGTAGAGCCCTACACGCACCTTATGAATCGGGGAGTGGAGAATGTCAGAGGCCAAGCGCGCCCTGGATAGATTTAGCAGACGATTGAGCGCAAAGTCTTGTTATAGCCTATATCAACCCGCTAGACAGAGTTGCTCAGAGCTTGGGAACA
V05_011	GGTGAAGGCCCTGTGTCCAGCAGAATCGCGAATCATTTATGCAAATTTTCACGAGAACAGTAATCAACAATATTTCGTGACGTCCGCAGAATGTAGGTATAAATAGATACCATCACTGAATTGTGTACTCTGCGAGGCCATTCCGGGCAAATTCGAATGGGCGCCTGGTACAAGTCGAAATTGCCATGATTGAAGCGGTGCTACTTACTACCAGCTACCAGGGATTTGCATCCAACCGGTTAACAGGCGGTACTGGGTACTAGGCCGCACCCACGTTATTCTGCAGTAAGCGGCAATGTGATCCATAAAACTCTCATGAGATTCGTTAGCGACGGAAGATGTTTAGACGGTCTCAACTGGGAGCCCTACCTGCCAAGGTCTAATAGCGCGCCGGTTGGGATCTTGGCGGTAAATCTAAGTGCACATCCTTCGTTGAGTGAATGACGCTGCCCCGATGCGTTTCCAATCGATACTCCGGCTCACGAGGGATCCTCTGTAACAGTTCCCTCCTAATGTTTAAAGTGGGGGCGCGCCGCGTGTTCCTACGTTTCTTCTCTCGTACTGGCGAATCGGTCCAGAACTACTCCGAGGAACTTATCGGAACTACTGTCAGGACCATTCTTTGGAGTCAATGCAGTCTAAGTAGAAGGCCAGAAGAACGCACTCGCCTAATTTCATCAGATGCGTGTTCGAGCGCAATGACTACCGCGCAGCCGGCCCAAGAGTGCTGTTGCATTCCACAGATACAGACCCGTTCCACCAGCCGGCAAGCGGCGTGTGCTGGTAACAGCAGGCGCTAACCGACTCGCAAAAATTCGGGAAATGACGAGTAAGTCCCAGTGGCGAGGCGTAGGTAGACTCTCATAGCTCCTCATTGGACTCGTTTCAGGCCGACCACAAATCCGCGGATTATTATGTATTACTACATCTTAGGTAATGGACGGCTACGACATTCGCAGGTGACTCCCGAGCCTCCGTAGCCAGAACTTCGCAGGTTTGGTGAAAGAAGTGAAGACTACCATGTAGTAATATGGTGTGGCAGATCCTTCATCCGGTAACTTGTAGACTTACACAACAATAAGCGACTTACTTAAGCCATAGTCCCACCACTCATCACCGAATCTAACACATCATGCGGGAAACGCGCACGTTCGTGACCGACGCACGTTGTCCTAAGTTCTCCCCGCGTAACAGGTTGTTCGGCCAGGGCACACGGGGGGAGCCGCTAAAATTCAGATTTATCGGGTGGGTAGGGTCCATCGCAATGTCAGGCCGTGTAACGGACTTAGCACGTGGAGGCTAACCGCCCGCCCAGCACTCTTCACACCCTACCATCACTTTCTGCCAAACCGTAGAGCCCTACACGCACCTTATGAATCGGGGAGTGGAGAATGTCAGAGGCCAAGCGCGCTCAGGATAGATTTAGCAGACGATTGAGCGCAAAGTCTTGTTATAGTCTATATAAACCCGCTAGACAGAGTTGCTCAAAGCGTGGGAACA
V05_012	GGTGAAGGCCCTGTGTCCAGCAGAATCGCGAATCATTTATGCAAATTTTCACGAGAACAGTAATCAACAATATTTCGTGACGTCCGCAGAATGTAGGTATGCATCGATACCATCACTGAATTGTGTACTGTGCGAGGCCATTCCGGGCAAATTCGAATGGGCGCCTGGTACAAGTCGAAATTGCCATGATTGAAGCGGTGCTACTTACTACCAGCTACCAGGGATTTGCATCCAACCGGTTAACAGGCGGTACTGGGTACTAAGCCGCACCCACGTTATTCTGCAGTAAGCGGCAATGTGATCCATAAAACTCTCATGAGATTCGTTAGCGACGGAAGATGTTTAGACGGTCTCAACTGGGAGCCCTACCTGCCAAGGTCTAATAGCGCGCCGGTTGGGATCTTGGCGGTAAATCTAAGTGCACATCCTTCGTTGAGTGAATGACGCTGCCCAGATGCGTTTCCAATCGATACTCCGGCTCACGAGGGATCCTCTGTAACAGTTCCCTCCTAATGTTTATAGTGGGGGCCCGCCGCGTGTTCCTACGTTTCTTCTCTCGTACTGGCGAATCGGTCCAGACCTACTCCGTGGAACTTATCCGAACAGCTGTCAGGACCATTCTTTGGAGTCAATGCAGTCTAAGTAGAAGGCCAGAAGAACGCACTCGCCTAATTTCATCAGATGCGTGTTCGAGCGCAATGACCACCGCGCAGCCGGCCCAAGAGTGCTGGTGCATTCCACAGATACAGACCCGTTCCACCAGCCGGCAAGCGGCGTGTGCTGGTAACAGCAGGCGCTAACCGACTCGCAAAAATTCGGGAAATGACGAGTAAGTCCCAGTGGCGAGGAGTAGGTAGACTCTCATAGCTCCTCATTGGACTCGTTTCAGGCCGACCACAAATCCGCGGATTATTATGTATTACTACATCTTGGGTAATGGACGGCTACGACATTCGTAGGTGACTCCCGAGCCTCCGTAGCCAGAACTTCGCAGGTTTGGTGAAAGAAGTGAAGACTACCATGTAGTAATATGGTGTGGCAGATCCTTCATCCGGAAACTTGTAGACTTACACAACAATAAGCGACTTACTTAAGCCATAGTCCCACCACTCATCACCGAATCTAACACATCATGCGGGAAACGCGCACGTTCGTGACCGACGCAAGTTGTCCGAAGTTCTCCCCGCGTAACAGGTTGTTCGGCCAGGGCACACGGGGGGAGCCGCTAAAATTCAGATTTATCGAGAGGGTAGGGTCCATCGCAATGTCAGGCCGTGTAACGGACCTAGCACGTGGAGGCTAACCGCCAGCCCAGCACTCTTCACACCCTACCATCACTTTCTGCCAAACCGTAGAGCCCTACACGCACCTTATGAATCGGGGAGTGGAGAATGTCAGAGGCCAAGCGCGCTCTGGATAGATTTAGCAGACGATTGAGCGCAAAGTCTTGTTATAGCCTATATAAACCCGCTAGACAGAGTTGCTCAGAGCTTGGGAACA
V05_013	GGTGAAGGCCCTGTGTCCAGCAGAATCGCGAATCATTTATGCAAATTTTCACGAGAACAGTAATCAACAATATTTCGTGACGTCCGCAGAATGTAGGTATAAATAGATACCATCACTGAATTGTGTACTCTGCGAGGCCATTCCGGGCAAATTCGAATGGGCGCCTGGTACAAGTCGAAATTGCCATGATTGAAGCGGTGCTACTTACTACCAGCTACCAGGGATTTGCATCCAACCGGTTAACAGGCGGTACTGGGTACTAAGCCGCACCCACGTTATTCTGCAGTAAGCGGCAATGCGATCCATAAAACTCTCATGAGATTCTTTAGCGACGGAAGATGTTTAGACGGTCTCAACTGGGAGCCCTACCTGCCAAGGTCTAATAGCGCGCCGGTTGGGATCTTGGCGGTAAATCTAAGTGCACATCCTTCGTTGAGTGAATGACGCTGCCCCGATGCGTTTCCAATCGATACTCCGGCTCACGAGGGATCCTCTGTAACAGTTCCCTCCTAATGTTTATAGTGGGGGCGCGCCGCGTGTTCCTGCGTTTCTTCTCTCGTACTGGCGAATCGGTCCAGACCTACTCCGAGGAACTTATCGGAACTGCTGTCAGGACCATTCTTTGGAGTCAATGCAGTCTAAGTAGAAGGCCAGAAGAACGCACTCGCCTAATTTCATCAGATGCGTGTTCGAGCGCAATGACTACCGCGCAGCCGGCCCAAGAGTGCTGTTGCATTCCACTGATACAGACCCGTTCCACCAGCCGGCAAGCGGCGTGTGCTGGTAACAGCAGGCGCTAACCGACTCGCAAAAATTCGGGAAATGACGAGTAAGTCCCAGTGGCGAGGCGTAGGTAGACTCTCATAGCTCCTCATTGGACTCGTTTCAGGCCGACCACAAATCCGCGGATTATTATGTATTACTACATCTTGGGTAATGGACTGCTACGACATTCGTAGGTGACTCCCGAGCCTCCGTAGCCAGAACTTCGCAGGTTTGGTGAAAGAAGTGAAGACTACCATATAGTAATATGGTGTGGTGGATCCTTCATCCGGTAACTTGTAGACTTACACAACAATAAGCGACTTACTTAAGCCATAGTCCCACCACTCATCACCGAATCTAACACATCATCCGGGAAACGCGCACGTTCGTGACCGACGCACGTTGTCCGAAGTTCTCCCCGCGTAACAGGTTGTTCGGCCAGGGCACACGGGGGGAGCCGCTAAAATTCAGATTTATCGGGTGGGTAGGGTCCATCGCAATGTCAGGCCGTGTAACGGACTTAGCACGTGGAGGCTAACCGCCCGCCCAGCACTCTTCACACCCTACCATCACTTTCTGCCAAACCGTAGAGCCCTACACGCACCTTATGAATCGTGGAGTGGACAATGTCAGAGGCCAAGCGCGCTCTGGATAGATTTAGCAGACGATTGAGCGCGAAGTCTTGTTATAGCCTATATAAACCCGCTAGACAGAGTTGCTCAGAGCTTGGGAACA
V05_014	GGTGAAGGCCCTGTGTCCAGCAGAATCGCGAATCATTTATGCAAATTTTCACGAGAACAGTAATCAACAATATTTCGTGACGTCCGCAGAATGTAGGTATAAATAGATACCATCACTGAATTGTGTAGTCTGCGAGGCCATTCCGGGCAAATTCGAATGGGCGCCTGGTACAAGGCGAAATTGCCATGATTGAAGCGGTGCTACTTACTACCAGCTACCAGGGATTTGCATCCAACCGGTTAACAGGCGGTACTGGGTACTAAGCCGCACCCACGTTATTCTGCAGTAAGCGGCAATGTGATCCATAAAACTCTCATGAGATTCGTTAGCGACGGAAGATGTTTAGACGGTATCAACTGGGAGCCCTACCTGCCAAGGTCTAGTAGCGCGTCGGTTGGGATCTTGGCGGGAAATCTAAGTGCACATCCTTCGTTGAGTGAATGACGCTGCCCCGATGCGTTTCCATTCGATACTCCGGCTCACGAGGGATCCTCTGTAAAAGTTCCCTCCTAATGTTTATAGTGGGGGCCCGCCGCGCGTTCCTACGTTTCTTCTCTCGTACTGGCGAATCGGTCCAGACCTACTCCGAGGAACTTATCGGAACTACTGTCAGGACCATTCTTTGGAGTCAATGCAGTCTAAGTATAAGGCCAGAAGAACGCACTCGCCTAATTTCATCAGATACGTGTTCGAGCGCAATGACTACCGCGCAGCCGGCCCAAGAGTGCTGTTGCATTCCACAGATACAGACCCGTTCCACCAGCCGGCAAGCGGCGTGTGCTGGTAACAGCAGGCGCTAACCGACTCGCAAAAATTCGGGAAATGACGAGTAAGTCCCAGTGGCGAGGCGTAGGTAGACTCTCATAGCTCCTCATTGGAGTCGTTTCAGGCCGACCACAAATCCGCGGATTATTATGTATTACTACATCTTGGGTAATGGACGGCTACGACATTCGTAGGTGACTCCCGAGCCTCCGTAGCCAGAACTTCGCAGGTGTGGTGAAAGAAGTGAAGACTACCATGTAGTAATATGGTGTGGCAGATCCTTCATCCGGTAACTTGTAGACTTACACAACAATAAGCGACTTACTTAAGCCATAGTCCCACCACTCATCACCGAATCTAACACATCATGCGGGAAACGCGCACGTTCGTGACCGACGCACGTTGTCCGAAGTTGTCCCCGCGTAACATGTTGTTCGGCCAGGGCACACGGGGGGAGCCGCGAAAATTCAGATTTATCGGGTGGGTAGGGTCCATCGCAATGTCAGGCCGTGTAACGGACTTAGCACGTTGAGGCTAACCGCCCGCCCAGCACTCTTCACACCCTACCATCACTTTCTGCCAAACCGTAGAGCCCTACACGCACCTTATGAATCGGGGAGTGGAGAATGTCAGAGGCCAAGCTCGCTCTGGATAGATTTAGCAGACGATTGAGCGCACAGTCTTGTTATAGCCTATATAAACCCGCTAGACAGAGTTGCTCAGAGCTTGGGGACA
V05_015	GGTGAAGGCCCTGTGTCCAGCAGAATCGCGATTCATTTATGCAAATTTTCACGAGAACAGTAATCAACAATGTTTCGTGACGTCCGCAGAATGTAGGTATAAATAGATACCATCACTGAATTGTGTACTCTGCGAGGCCATTCCGGGCAAATTCGAATGGGCGCCTGGTACAAGTCGAAATTGCCATGATTGAAGCGGTGCTACTTACTACCAGCTACCAGGGATTTGCATCCAACCGGTTAACAGGCGGTACTGGGTACTAAGCCGCACCCACGTTATTCTGCAGTAAGCGGCAATGTGATCCATAAAACTCTCATGAGATTCGTTAGCGACGGAAGATGTTTAGACGGTCTCAACTGGGAGCCCTACCTGCCGATGTCTAATAGCGCGCCGGTTGGGATCTTGGCGGTAAATCTAAGTGCACATCCTTCGTTGAGTGAATGACGCTGCCCCGATGCGTTTCCAATCGATACTCCGGCTCACGAGGGATCGTCTGTAACAGTTCCCTCCTAATGTTTATAGTGGGGGCCCGCCGCGTGTTCCTACGTTTCTTCTCTCGTACTGGCGAATCGGTCCAGACCTACTCCGAGGAACTTATCGGAACTGCTGTCAGGACCATTCTTTGGAGTCAATGCAGTCTAAGTAGAAGGCCAGAAGAACGCACTCGCCTAATTTCATCAGATGCGTGTTCGAGCGCAATGACTACCGCGCAGCCGGCCCAAGAGTGCTGTTGCATTCCACAGATACAGACCCGTTCCACCAGCCGGCAAGCGGCGTGTGCTGGTAACAGCAGGCGCTAACCGACTCGCAAAAATTCGGGAAATGACGAGTAAGTCCCAGTTGCGAGGCGTAGGTAGACTCTCATAGCTCCTCATTGGACTCTTTTCAGGCCGACCACAAATCCGCGGATTATTATGAATTACTACATCTTGGGTAATGGACGGCTACGACATTCGTAGGTGACTCCCGAGCCTCCGTAGCCAGAACTTCGCAGATTTGGTGAAAGAAGTGAAGCCTACCATGTAGTAATATGGTGTGGCAGATCCTTCATCCGGTAACTTGTAGACTTACACAACAATAAGCGACTTACTTAAGCCATAGTCCCACCACTCATCACCGAATCTAACACATCATGCGGGAAACGCGCACGTTCGTGACCGACGCACGTTGTCCGAAGTTCTCCCCGCGTAACAGGTTGTTCGGCCAGGGCACACGGGGGGAGCCGCTAAAATTCAGATTTATCGGGTGGGTAGGGTCCATCGCAATGTCAGGCCGTGTAACGGACTTAGCACGTGGAGGCTAACCGCCCGCCCAGCACTCTTCACACCCTACCATCCCTTTCTGCCAAACCTTAGAGCCCTACACGCACCTTATGAATCGGGGAGTGGAGAATGTCAGAGGCCAAGCGCGCTCTGGATAGATTTAGCAGTCGATTGAGCGCAAAGTCTTGTTATAGCCTATATAAACCCGCTAGACAGAGTTGCTCAGAGCTTGGGAACA
